"Dataset","Rate","Min.Time","Max.Time","Exclude."
10,-4.05464675201518e-05,8,296,FALSE
20,-7.12307692307692e-05,8,200,FALSE
40,-0.000104279711884754,8,400,FALSE
